id,verifiable,label,claim
198802,VERIFIABLE,SUPPORTS,An American producer was the writer of the pilot episode of The Blacklist.
145296,VERIFIABLE,SUPPORTS,Kate Nash was dropped from her label.
93897,VERIFIABLE,SUPPORTS,Rope was released.
146614,VERIFIABLE,SUPPORTS,Jack Nicholson stars in The Shining.
157929,VERIFIABLE,SUPPORTS,Manchester City F.C. was purchased.
20150,VERIFIABLE,SUPPORTS,The Punisher is a character.
179688,VERIFIABLE,SUPPORTS,The name Minneapolis is a combination of a Dakota Sioux word for water and the Greek word for city.
95261,VERIFIABLE,SUPPORTS,Mukesh Ambani has a brother.
167809,VERIFIABLE,SUPPORTS,Jamie Foxx's time-point of birth is in the 20th century.
181519,VERIFIABLE,SUPPORTS,Bill Clinton is a politician from the United States.
49196,VERIFIABLE,SUPPORTS,There are puzzles in Resident Evil 7: Biohazard.
159863,VERIFIABLE,SUPPORTS,Casey Ryback is an action hero.
173679,VERIFIABLE,SUPPORTS,Michael Jackson was an actor.
41668,VERIFIABLE,SUPPORTS,Snoop Dogg released a soundtrack to a short film.
121048,VERIFIABLE,SUPPORTS,Kiefer Sutherland is a person who directs.
185649,VERIFIABLE,SUPPORTS,Bright Star had Ben Whishaw in it.
200205,VERIFIABLE,SUPPORTS,Dominick Dunne was a journalist.
158417,VERIFIABLE,SUPPORTS,John II of Portugal died.
126970,VERIFIABLE,SUPPORTS,Catherine Zeta-Jones won an Oscar.
109240,VERIFIABLE,SUPPORTS,Daddy Yankee's given full name is Ramón Luis Ayala Rodríguez.
65947,VERIFIABLE,SUPPORTS,In & Out is an American film.
147888,VERIFIABLE,SUPPORTS,Dwyane Wade was on a team.
191741,VERIFIABLE,SUPPORTS,One coach is Jennifer Hudson.
113539,VERIFIABLE,SUPPORTS,Lisa Lopes was a member of the R&B girl group TLC.
176403,VERIFIABLE,SUPPORTS,Sunrise created anime that won the Animage Anime Grand Prix prize.
35439,VERIFIABLE,SUPPORTS,A Thousand Suns was recorded.
50563,VERIFIABLE,SUPPORTS,"Carole King's most successful album was ""Tapestry""."
912,VERIFIABLE,SUPPORTS,"Adele sold over a million digital copies in a week with her song ""Hello."""
33734,VERIFIABLE,SUPPORTS,The Singing Detective was broadcast in the United Kingdom.
63139,VERIFIABLE,SUPPORTS,Modern Family has been aired for at least seven years.
49116,VERIFIABLE,SUPPORTS,The Wachowskis wrote The Matrix.
11840,VERIFIABLE,SUPPORTS,Tupac Shakur was killed in Las Vegas.
11790,VERIFIABLE,SUPPORTS,Apollo 11 was launched by a Saturn V rocket.
89910,VERIFIABLE,SUPPORTS,Daniel Craig attended the music and dramatic arts school the Guildhall School of Music and Drama.
9303,VERIFIABLE,SUPPORTS,Neil Patrick Harris won a Tony for Best Leading Actor in a Musical.
147186,VERIFIABLE,SUPPORTS,Ready Player One won an award.
61474,VERIFIABLE,SUPPORTS,Wild was released.
119398,VERIFIABLE,SUPPORTS,Michael J. Fox appears on a television show.
207014,VERIFIABLE,SUPPORTS,Spider-Man (2002 film) stars an American actor and producer.
226408,VERIFIABLE,SUPPORTS,Perry Saturn has won the WWF Hardcore Championship.
106728,VERIFIABLE,SUPPORTS,The Nintendo Switch was released in March 2017 and uses Joy-Con wireless controllers.
182868,VERIFIABLE,SUPPORTS,Dog Day Afternoon stars Chris Sarandon.
185556,VERIFIABLE,SUPPORTS,Joy is an actress from South Korea.
104445,VERIFIABLE,SUPPORTS,David Schwimmer graduated from a private university in Colorado in 1988.
187814,VERIFIABLE,SUPPORTS,Boston attracts millions of tourists.
101200,VERIFIABLE,SUPPORTS,Lily James was on the BBC.
164309,VERIFIABLE,SUPPORTS,Tessanne Chin is best known for winning a competition.
43843,VERIFIABLE,SUPPORTS,Patriot Act allows law enforcement officers to detain suspects.
105976,VERIFIABLE,SUPPORTS,Anni-Frid Lyngstad sings pop.
171404,VERIFIABLE,SUPPORTS,Blue Velvet is an American film.
112914,VERIFIABLE,SUPPORTS,Hitman is a film.
124951,VERIFIABLE,SUPPORTS,Travis Barker played for the Aquabats.
68887,VERIFIABLE,SUPPORTS,Fantastic Beasts and Where to Find Them was released worldwide.
207738,VERIFIABLE,SUPPORTS,"Sammy Cahn died January 15, 1993."
57475,VERIFIABLE,SUPPORTS,Glenn Frey has done singing for the Eagles.
56035,VERIFIABLE,SUPPORTS,Loki is a deity in Norse mythology.
209235,VERIFIABLE,SUPPORTS,The Outcasts is a film.
148246,VERIFIABLE,SUPPORTS,The world's second highest level of biodiversity is in Indonesia.
80040,VERIFIABLE,SUPPORTS,God in Islam's theology is all-powerful and all-knowing.
41174,VERIFIABLE,SUPPORTS,New York has an Ivy League University in it.
104593,VERIFIABLE,SUPPORTS,Karan Johar won an award from his 2010 movie My Name Is Khan.
199031,VERIFIABLE,SUPPORTS,Foreign Interventionism is included in International Relations.
62914,VERIFIABLE,SUPPORTS,Glenn Frey sang with the Eagles in the 1970's.
72588,VERIFIABLE,SUPPORTS,U2 made a song.
148948,VERIFIABLE,SUPPORTS,Silicon Valley is in California.
1049,VERIFIABLE,SUPPORTS,Minnesota is in the United States.
21244,VERIFIABLE,SUPPORTS,Charles Mackay is a poet.
103734,VERIFIABLE,SUPPORTS,Chester Bennington is a person.
179077,VERIFIABLE,SUPPORTS,Some Torchwood episodes were written by Catherine Tregenna.
212910,VERIFIABLE,SUPPORTS,Marlon Brando portrayed Emiliano Zapata.
104168,VERIFIABLE,SUPPORTS,Her is a recorded work.
94066,VERIFIABLE,SUPPORTS,Kong: Skull Island is a movie.
73749,VERIFIABLE,SUPPORTS,Paleogene is also spelled Palaeogene.
80000,VERIFIABLE,SUPPORTS,XXx: Return of Xander Cage is an American film.
25347,VERIFIABLE,SUPPORTS,Haifa is home to the University of Haifa.
136133,VERIFIABLE,SUPPORTS,Michael Keaton won a Golden Globe Award for Best Actor in a Musical or Comedy.
140078,VERIFIABLE,SUPPORTS,Beauty and the Beast had actors.
99076,VERIFIABLE,SUPPORTS,Brad Bird pitched The Incredibles.
127877,VERIFIABLE,SUPPORTS,Pregnancy can occur by sexual intercourse between a man and a woman.
139632,VERIFIABLE,SUPPORTS,Tyne Daly performed in the play Rabbit Hole.
35163,VERIFIABLE,SUPPORTS,Marshall McLuhan attended a university.
66921,VERIFIABLE,SUPPORTS,Bangladesh has been affected by disasters.
7180,VERIFIABLE,SUPPORTS,Outlander (TV series) was renewed for a third and fourth season in 2016.
29817,VERIFIABLE,SUPPORTS,Estella Warren is a fashion model.
226831,VERIFIABLE,SUPPORTS,Based on fleet size British Airways (BA) is the largest airline in the UK.
64608,VERIFIABLE,SUPPORTS,"Michael Jordan was in ""The Dream Team""."
31638,VERIFIABLE,SUPPORTS,Heather Watson was born on May 19th.
142657,VERIFIABLE,SUPPORTS,Discoveries in hydrodynamics were made by Leonardo da Vinci.
114751,VERIFIABLE,SUPPORTS,Capital Letters features Ruth Negga.
105628,VERIFIABLE,SUPPORTS,Room was worked on by Lenny Abrahamson.
227147,VERIFIABLE,SUPPORTS,The seventh most populous urban area in the European Union is Berlin.
16243,VERIFIABLE,SUPPORTS,Karan Johar is a film director.
177061,VERIFIABLE,SUPPORTS,One common cosmetic are skin cleansers.
4760,VERIFIABLE,SUPPORTS,"Audrey Hepburn devoted much of her later life, after age 50, to UNICEF."
151844,VERIFIABLE,SUPPORTS,Jawaharlal Nehru was a leader.
64295,VERIFIABLE,SUPPORTS,Jon Huntsman Jr. was born.
216741,VERIFIABLE,SUPPORTS,Reds is a film.
95286,VERIFIABLE,SUPPORTS,GRRM is a nickname of George R. R. Martin.
170933,VERIFIABLE,SUPPORTS,The Matrix Revolutions is a film.
188820,VERIFIABLE,SUPPORTS,The Nashville Songwriters Association International provides songwriting education.
110332,VERIFIABLE,SUPPORTS,Jesus was a leader of a religion.
17453,VERIFIABLE,SUPPORTS,The Los Angeles Lakers were given a nickname.
73541,VERIFIABLE,SUPPORTS,Jeanine Pirro participated in cases about domestic abuse.
134818,VERIFIABLE,SUPPORTS,Elephants have been portrayed in popular culture.
72054,VERIFIABLE,SUPPORTS,The Hui people also have a community in Inner Mongolia.
228300,VERIFIABLE,SUPPORTS,The Silence of the Lambs is a 1991 film.
216880,VERIFIABLE,SUPPORTS,William Shakespeare is widely regarded as the world's pre-eminent dramatist and greatest writer in the English language.
158542,VERIFIABLE,SUPPORTS,Gayathri Raguram was in a film starring Prabhu Ganesan.
226639,VERIFIABLE,SUPPORTS,Haim Saban is a musician.
197004,VERIFIABLE,SUPPORTS,Allure is an American women's beauty magazine.
164299,VERIFIABLE,SUPPORTS,Tessanne Chin is a famous Jamaican recording artist.
202899,VERIFIABLE,SUPPORTS,The director and star of The Woman in Red is the same person.
157950,VERIFIABLE,SUPPORTS,Shraddha Kapoor received a nomination.
207712,VERIFIABLE,SUPPORTS,Blizzard created at least one video game series.
107942,VERIFIABLE,SUPPORTS,Toy Story received an award for best screenplay of the year.
166717,VERIFIABLE,SUPPORTS,Cannibalism is the act of humans eating flesh.
70897,VERIFIABLE,SUPPORTS,Taylor Schilling is recognized for her portrayal of Piper Chapman.
29566,VERIFIABLE,SUPPORTS,Cristiano Ronaldo has won the European Golden Shoe awards four times.
124464,VERIFIABLE,SUPPORTS,Dustin Hoffman is a person.
125178,VERIFIABLE,SUPPORTS,"Babe Ruth career spanned 22 seasons, from 1914-1935."
38656,VERIFIABLE,SUPPORTS,Michael Jordan helped popularize a sports league.
92398,VERIFIABLE,SUPPORTS,Flash Thompson is a bully of his classmate Peter Parker.
134181,VERIFIABLE,SUPPORTS,Lily James was in Just William.
61643,VERIFIABLE,SUPPORTS,System of a Down toured as a band.
170705,VERIFIABLE,SUPPORTS,Diana is a studio album.
119805,VERIFIABLE,SUPPORTS,Quinoa was cultivated for human food.
81780,VERIFIABLE,SUPPORTS,There are national teams in ice hockey.
115046,VERIFIABLE,SUPPORTS,Breakroom Live was co-hosted by Marc Maron.
103616,VERIFIABLE,SUPPORTS,"Beverly Hills, 90210 addressed numerous topical issues."
42076,VERIFIABLE,SUPPORTS,The Middle East is contained in Asia.
129357,VERIFIABLE,SUPPORTS,Marvel Comics published Hulk (comics) in their American comic books.
144396,VERIFIABLE,SUPPORTS,Punk rock is a genre of music.
13973,VERIFIABLE,SUPPORTS,Andrew Wood is a founding member of Malfunkshun.
101129,VERIFIABLE,SUPPORTS,Sarah Palin writes.
197850,VERIFIABLE,SUPPORTS,Jean Grey is known under at least three aliases.
93441,VERIFIABLE,SUPPORTS,Joy (entertainer) is a member of a girl group.
203203,VERIFIABLE,SUPPORTS,The English Civil War's Royalists were also called a different name.
7458,VERIFIABLE,SUPPORTS,Azerbaijan possesses a low degree of unemployment.
20124,VERIFIABLE,SUPPORTS,Faith Evans writes.
225662,VERIFIABLE,SUPPORTS,50 First Dates is an American romantic comedy film.
105148,VERIFIABLE,SUPPORTS,Maria I of Portugal was recognized in English as Mary I.
149733,VERIFIABLE,SUPPORTS,Health problems were had by George VI.
180440,VERIFIABLE,SUPPORTS,Régine Chassagne is a writer of songs.
42955,VERIFIABLE,SUPPORTS,Colin Firth acts.
177614,VERIFIABLE,SUPPORTS,Fences is an American film.
27324,VERIFIABLE,SUPPORTS,Nicolas Cage is an actor.
62610,VERIFIABLE,SUPPORTS,Snowden is a movie.
161978,VERIFIABLE,SUPPORTS,Justin Timberlake is a singer-songwriter from the United States.
204661,VERIFIABLE,SUPPORTS,The Youth Olympic Games (YOG) is an international event.
55958,VERIFIABLE,SUPPORTS,Avenged Sevenfold came out with eighteen singles.
12486,VERIFIABLE,SUPPORTS,Singapore is in Southeast Asia.
123585,VERIFIABLE,SUPPORTS,Mexico gained a style of government.
116751,VERIFIABLE,SUPPORTS,British Fantasy Award categories include Best Horror Novel.
127826,VERIFIABLE,SUPPORTS,The band Eagles was fronted by lead singer Glenn Frey.
3813,VERIFIABLE,SUPPORTS,Facebook is an online social media service.
34060,VERIFIABLE,SUPPORTS,Sharon Tate married in January 1968.
58581,VERIFIABLE,REFUTES,Journey is the 2nd best-selling band according to the Recording Industry Association of America.
194154,VERIFIABLE,REFUTES,To The Bone only included canine actors.
85577,VERIFIABLE,REFUTES,The Academy Awards was first televised in 1973.
178419,VERIFIABLE,REFUTES,Patricia Clarkson is the only person who performs in No Reservations.
14245,VERIFIABLE,REFUTES,Samuel L. Jackson has not appeared in the Marvel Cinematic Universe.
186726,VERIFIABLE,REFUTES,Calvin Harris is from India.
135155,VERIFIABLE,REFUTES,Drew Barrymore refused to star in any films directed by Steven Spielberg.
15094,VERIFIABLE,REFUTES,The Aegean Sea is across the world from the Dardanelles.
202233,VERIFIABLE,REFUTES,Murder on the Orient Express starred zero actors or actresses.
44330,VERIFIABLE,REFUTES,All the Pretty Horses is an eastern film.
127239,VERIFIABLE,REFUTES,"Tesla, Inc. was formerly called Nissan."
182425,VERIFIABLE,REFUTES,Gareth Neame has only ever been a model.
123622,VERIFIABLE,REFUTES,Sansa Stark is played by an English mother.
226575,VERIFIABLE,REFUTES,Russell Crowe was only nominated for awards for A Beautiful Mind.
91247,VERIFIABLE,REFUTES,Grant Gustin is a dancer.
141736,VERIFIABLE,REFUTES,LeBron James turned down a role in Trainwreck.
223368,VERIFIABLE,REFUTES,Tim Allen's most recent sitcom began in 1990.
40313,VERIFIABLE,REFUTES,Doug Ducey has been barred for life from holding public office since the age of 18.
164010,VERIFIABLE,REFUTES,Barry Gibb was born after the Bee Gees broke up.
168708,VERIFIABLE,REFUTES,"Jane Lynch graduated on July 14th, 1960."
124721,VERIFIABLE,REFUTES,The Underworld film series has a combined budget of under $2 million.
203302,VERIFIABLE,REFUTES,Extreme environments can only be caused by humans.
220334,VERIFIABLE,REFUTES,Margaret of Valois was an only child.
191960,VERIFIABLE,REFUTES,The Hangover Part III failed to cast any actors.
52505,VERIFIABLE,REFUTES,"Thailand's total area is approximately 513,000 square miles."
186677,VERIFIABLE,REFUTES,Summertime (George Gershwin song) is a symphony composed in 1935.
82046,VERIFIABLE,REFUTES,Yung Rich Nation was produced by only Americans.
112970,VERIFIABLE,REFUTES,David Thewlis refuses to be an actor.
127535,VERIFIABLE,REFUTES,Jordan Spence has played for ten football clubs.
98908,VERIFIABLE,REFUTES,Vladimir Putin studied rest in high school.
126298,VERIFIABLE,REFUTES,Tom Cruise is not an actor.
27015,VERIFIABLE,REFUTES,John Stewart was the first African American superhero to be featured in a film.
146429,VERIFIABLE,REFUTES,Jessica Chastain made her Broadway debut in a revival of a 1811 play.
52315,VERIFIABLE,REFUTES,George VI has a daughter named Elizabeth who is from Japan.
147939,VERIFIABLE,REFUTES,A Game of Thrones was only nominated for the 1996 World Fantasy Award.
21450,VERIFIABLE,REFUTES,Merlin was created by Julian Edelman.
129225,VERIFIABLE,REFUTES,Archimedes was not a mathematician.
120273,VERIFIABLE,REFUTES,Musée National d'Art Moderne is located in the UK.
128727,VERIFIABLE,REFUTES,The Wizard of Oz is an American television show.
109761,VERIFIABLE,REFUTES,Sharon Tate has always been single.
104648,VERIFIABLE,REFUTES,The Council on Foreign Relations specializes in domestic affairs.
107225,VERIFIABLE,REFUTES,Rope was released in 2001.
207879,VERIFIABLE,REFUTES,Carrie Fisher is still alive.
59460,VERIFIABLE,REFUTES,Jensen Ackles is known for his roles in television as Jason Teague in The Simpsons.
59195,VERIFIABLE,REFUTES,All the Pretty Horses is an Armenian film.
16766,VERIFIABLE,REFUTES,Ted Bundy escaped thrice.
226540,VERIFIABLE,REFUTES,Observer Media has only ever been a software company.
105955,VERIFIABLE,REFUTES,Neymar finished college in 1992.
120858,VERIFIABLE,REFUTES,George Martin's career spanned only one decade.
21502,VERIFIABLE,REFUTES,The Eagles released their third album in 2005.
79496,VERIFIABLE,REFUTES,Bill Gates is the co-founder of Moldovan nationalism.
68384,VERIFIABLE,REFUTES,Nicki Minaj is not a singer.
155169,VERIFIABLE,REFUTES,Kaitlin Olson began her career in the real estate business.
170455,VERIFIABLE,REFUTES,Welcome Back (film) features only Russians.
160144,VERIFIABLE,REFUTES,Reese Witherspoon began her career as a child ventriloquist.
88158,VERIFIABLE,REFUTES,Detroit is a village.
72883,VERIFIABLE,REFUTES,Socrates is credited as one of the founders of Eastern philosophy.
92271,VERIFIABLE,REFUTES,Glamorous is unknown to Fergie.
90826,VERIFIABLE,REFUTES,Rockefeller University is in Massachusetts.
191869,VERIFIABLE,REFUTES,Usher was born in Tennessee.
77638,VERIFIABLE,REFUTES,Big Brother 18 (UK) is hosted exclusively by Americans.
226775,VERIFIABLE,REFUTES,"My Bloody Valentine 3D had one director, who was born in 1993."
66728,VERIFIABLE,REFUTES,Pat Riley is a professional baseball executive.
45911,VERIFIABLE,REFUTES,Mr. Sunshine began its run on May 9.
181299,VERIFIABLE,REFUTES,Armadillo World Headquarters was located outside of Texas.
162869,VERIFIABLE,REFUTES,Broadcast News is a horror film.
16889,VERIFIABLE,REFUTES,The United Nations is not an organization.
67753,VERIFIABLE,REFUTES,Milla Jovovich's first film appearance was when she was 23.
207107,VERIFIABLE,REFUTES,The United Kingdom has the world's ninth-largest economy by GDP.
97542,VERIFIABLE,REFUTES,Philip V of Spain was unable to reign.
143796,VERIFIABLE,REFUTES,Shia LaBeouf won his first Emmy in 2007.
118995,VERIFIABLE,REFUTES,Hitman is based in America.
63362,VERIFIABLE,REFUTES,Lewis Hamilton holds no record.
225452,VERIFIABLE,REFUTES,Hockey is hated everywhere except Morocco.
64656,VERIFIABLE,REFUTES,Fantastic Beasts and Where to Find Them premiered in September 2014.
23070,VERIFIABLE,REFUTES,Annie Parisse is German.
9668,VERIFIABLE,REFUTES,Warren G. Harding was President of France.
10143,VERIFIABLE,REFUTES,"Calvin Harris collaborated with Rihanna on ""We Found Love"" in 1992."
85650,VERIFIABLE,REFUTES,Little Miss Sunshine was filmed in Washington.
97324,VERIFIABLE,REFUTES,Michael Jackson's death was ruled a suicide.
30612,VERIFIABLE,REFUTES,Saif Ali Khan is not male.
31979,VERIFIABLE,REFUTES,Calvin Harris does not have more songs on the UK Singles Chart than Michael Jackson.
212145,VERIFIABLE,REFUTES,"Red stars Morgan Freeman as the titular Red, a man spending a life sentence in prison."
76969,VERIFIABLE,REFUTES,Conquest of the Planet of the Apes was cancelled in 1972.
178668,VERIFIABLE,REFUTES,Little Miss Sunshine is an unadapted novel.
44929,VERIFIABLE,REFUTES,Steven Soderbergh failed to direct Ocean's 11.
214278,VERIFIABLE,REFUTES,J. Cole is incapable of being an American hip hop recording artist.
38169,VERIFIABLE,REFUTES,Ron Swanson loves government.
198842,VERIFIABLE,REFUTES,The Rolling Stones' novels Some Girls and Tattoo You were their most popular albums worldwide.
29500,VERIFIABLE,REFUTES,American Horror Story passed on hiring Evan Peters.
111010,VERIFIABLE,REFUTES,"Jamie Oliver launched ""Jamie's Italian"" in Boston."
146892,VERIFIABLE,REFUTES,Uzbekistan is a rock of the Commonwealth of Independent States (CIS).
144990,VERIFIABLE,REFUTES,The Divergent Series does not have an IMAX 3D movie version.
54741,VERIFIABLE,REFUTES,Mother Teresa lived most of her life in Ireland.
66040,VERIFIABLE,REFUTES,Odin is an angel.
10253,VERIFIABLE,REFUTES,The Council on Foreign Relations is from France.
215090,VERIFIABLE,REFUTES,Rose Kennedy died in the 70's.
183252,VERIFIABLE,REFUTES,Hopman Cup was founded in 1999.
204495,VERIFIABLE,REFUTES,Dangerous Beauty is a biology textbook.
206690,VERIFIABLE,REFUTES,"Richmond, Virginia is outside of the United States."
70188,VERIFIABLE,REFUTES,Sister Act features musical arrangements by a ninety year old American composer and lyricist.
211180,VERIFIABLE,REFUTES,Marcus Allen's only brother was born in 1967.
226022,VERIFIABLE,REFUTES,Tetris has sold zero copies.
112949,VERIFIABLE,REFUTES,Tokyo is in India.
11447,VERIFIABLE,REFUTES,Claudia Leitte declined a role on The Voice Brasil.
82757,VERIFIABLE,SUPPORTS,Spain has territory in a non-European continent.
159404,VERIFIABLE,SUPPORTS,Jeff Ament has been a member of Pearl Jam since 1990.
60814,VERIFIABLE,SUPPORTS,Anorexia nervosa caused the deaths of several hundred people in 2013.
56938,VERIFIABLE,REFUTES,Austria was re-established as a sovereign state in 1954.
49843,VERIFIABLE,REFUTES,Avril Lavigne is not a voice actor.
18782,VERIFIABLE,SUPPORTS,Alexander Hamilton chose to stay in the Thirteen colonies.
132190,VERIFIABLE,REFUTES,Caroline Blakiston turned down the role on the show Brass.
162471,VERIFIABLE,REFUTES,Before We Go was cancelled in 2014.
217708,VERIFIABLE,SUPPORTS,Actress Sue Galloway co-starred in 30 Rock.
100989,VERIFIABLE,REFUTES,Mango is the national fruit of Bangladesh.
125523,VERIFIABLE,REFUTES,"The internet did not originate in a project to build robust, fault-tolerant communication via computer networks."
38252,VERIFIABLE,SUPPORTS,Lyme disease treatment usually takes two or three weeks.
94028,VERIFIABLE,REFUTES,Stranger Things has at least five seasons.
31780,VERIFIABLE,REFUTES,Emilio Estevez is not an American.
2419,VERIFIABLE,REFUTES,Donnie Wahlberg was not nominated for Choice Scream at the 2008 Teen Choice Awards.
45159,VERIFIABLE,SUPPORTS,Cleopatra speaks the ancient language Egyptian.
188777,VERIFIABLE,REFUTES,Brigitte Macron was born in May.
146442,VERIFIABLE,REFUTES,Farrah Fawcett denied a role in The Burning Bed.
101422,VERIFIABLE,SUPPORTS,Amy Poehler started an American theater.
39230,VERIFIABLE,SUPPORTS,The Council on Foreign Relations is from a country.
74243,VERIFIABLE,REFUTES,David Jones (video game developer) is English.
217640,VERIFIABLE,SUPPORTS,Imtiaz Ali directed Love Aaj Kal.
159359,VERIFIABLE,SUPPORTS,Lee Harvey Oswald was arrested for the assassination of someone.
203368,VERIFIABLE,REFUTES,Saratoga includes Mark Hamill.
30676,VERIFIABLE,REFUTES,Wayne Rooney has never received a red card.
30949,VERIFIABLE,REFUTES,Teen Wolf premiered on June 18.
125303,VERIFIABLE,REFUTES,Lily Collins was rejected for Newest Red Carpet Correspondent.
82118,VERIFIABLE,REFUTES,Steam is not the gaseous state of water.
49972,VERIFIABLE,SUPPORTS,Watchmen was originally released in the late 1980s.
127643,VERIFIABLE,REFUTES,Sons of Anarchy is not about a motorcycle club.
83625,VERIFIABLE,REFUTES,Saamy is a 2003 television show.
133080,VERIFIABLE,REFUTES,Slovenia does not use the euro as official currency.
204799,VERIFIABLE,SUPPORTS,Chris Noth was nominated for Best Supporting Actor for The Good Wife in 2010.
169349,VERIFIABLE,REFUTES,Sam Walton's full name was Sam Amanda Walton.
20594,VERIFIABLE,REFUTES,Death in Paradise has received low ratings.
65135,VERIFIABLE,REFUTES,"Russ has a 2005 song titled ""What They Want""."
217769,VERIFIABLE,SUPPORTS,Brian Lynch co-created Angel: After the Fall with Joss Whedon.
13622,VERIFIABLE,SUPPORTS,Lee Child is European.
157693,VERIFIABLE,SUPPORTS,The Fujitsu iPAD came out in the 2000s.
110240,VERIFIABLE,REFUTES,Aaliyah's second album sold over three million copies in the US.
171476,VERIFIABLE,SUPPORTS,Splash was written by two people.
147397,VERIFIABLE,REFUTES,Jacqueline Kennedy Onassis was snubbed in an annual poll by Gallup.
181563,VERIFIABLE,REFUTES,Jag had one episode.
106891,VERIFIABLE,SUPPORTS,James McAvoy works in the television industry.
180150,VERIFIABLE,SUPPORTS,Gil Sharone started production with a musical group formed by Marilyn Manson.
225506,VERIFIABLE,SUPPORTS,The 84th Academy Awards winners included Rango.
209662,VERIFIABLE,REFUTES,George W. Romney died childless.
28319,VERIFIABLE,SUPPORTS,Heartlight was the eighth time Diamond had a top 5 hit.
70995,VERIFIABLE,REFUTES,The Philippines were named after a Queen of Spain.
146088,VERIFIABLE,REFUTES,"Charles, Prince of Wales sponsors The Prince's Charities as of 2002."
184155,VERIFIABLE,REFUTES,Furia is a novel.
92075,VERIFIABLE,SUPPORTS,"Sharon Tate co-starred in a film with her husband, Roman Polanski."
92511,VERIFIABLE,SUPPORTS,The Hobbit series is three films long.
98839,VERIFIABLE,REFUTES,Charles Dickens died in November 1870.
147657,VERIFIABLE,SUPPORTS,James McAvoy turned down the chance to work on Children of Dune.
24072,VERIFIABLE,SUPPORTS,O. J. Simpson was arrested in 2007.
115603,VERIFIABLE,REFUTES,The Fosters does not air on Freeform.
197679,VERIFIABLE,SUPPORTS,Lucas starred an actor whose death took place on March 10.
50968,VERIFIABLE,REFUTES,Derrick Rose was unable to win the NBA's MVP Award.
109841,VERIFIABLE,REFUTES,"At his peak, John D. Rockefeller controlled 70% of all oil in the United States."
169649,VERIFIABLE,REFUTES,Ken Russell directed a play starring Alan Bates.
171125,VERIFIABLE,SUPPORTS,1980 was the year Atlantic City was made.
125132,VERIFIABLE,REFUTES,2001: A Space Odyssey was not financed by Metro-Goldwyn-Mayer.
123829,VERIFIABLE,REFUTES,Paul Pogba ended his career with Manchester United.
213219,VERIFIABLE,SUPPORTS,The Nile drains through a forest.
20136,VERIFIABLE,SUPPORTS,Acting is Seth Rogen's profession.
73377,VERIFIABLE,REFUTES,Aishwarya Rai did not marry actor Abhishek Bachchan.
36366,VERIFIABLE,REFUTES,Yardie was left unpublished.
42073,VERIFIABLE,SUPPORTS,Transformers: Revenge of the Fallen grossed $402.1 million in North America.
194045,VERIFIABLE,SUPPORTS,John Krasinski is included in Duane Hopwood.
77880,VERIFIABLE,SUPPORTS,Music is something performed by Buddy Holly.
103770,VERIFIABLE,REFUTES,Texas does not have coastal swamps.
213480,VERIFIABLE,REFUTES,Monarch of the Glen is praised by Ecosse Films.
211138,VERIFIABLE,SUPPORTS,Rain Man won four Oscars at the 61st Academy Awards.
139450,VERIFIABLE,SUPPORTS,Honey to the B is the first album of Billie Piper.
53327,VERIFIABLE,REFUTES,Jazz Jennings is the star of a History Channel reality show.
76439,VERIFIABLE,REFUTES,Alexander Lebedev is a billionaire.
7146,VERIFIABLE,REFUTES,Romelu Lukaku played for every team except the Anderlecht team.
144792,VERIFIABLE,REFUTES,The World Senior Chess Championship was established by a domestic organization.
153457,VERIFIABLE,REFUTES,Transformers: Dark of the Moon is not a film.
170147,VERIFIABLE,SUPPORTS,Wayne Wang directed Maid in Manhattan.
160223,VERIFIABLE,REFUTES,Selene serves as the central country in a 2003 action horror film.
134488,VERIFIABLE,REFUTES,Katharine Hepburn was always herself.
66476,VERIFIABLE,REFUTES,Planet of the Apes (1968 film) was not filmed over the course of three months.
176043,VERIFIABLE,REFUTES,WALL-E lost all Saturn Award nominations.
11571,VERIFIABLE,REFUTES,Dwight D. Eisenhower is considered by many Eastern scholars to be one of the greatest U.S. Presidents.
73076,VERIFIABLE,REFUTES,Tyrese Gibson is not well known.
112939,VERIFIABLE,REFUTES,Mike Pence did not support the Tea Party movement.
47093,VERIFIABLE,SUPPORTS,The Nazi regime took over Prussia in the 20th century.
206805,VERIFIABLE,SUPPORTS,Cosmopolitan was first written in 1886.
91972,VERIFIABLE,REFUTES,Overwatch does not let players gain cosmetic awards.
67978,VERIFIABLE,SUPPORTS,Grant Gustin played the role of Sebastian Smythe.
46571,VERIFIABLE,SUPPORTS,"Leukemia caused 353,500 deaths in 2015."
58902,VERIFIABLE,SUPPORTS,Haitian Creole is the only language of most Haitians.
73754,VERIFIABLE,SUPPORTS,Bill Clinton was found not guilty by the United States Senate.
95949,VERIFIABLE,REFUTES,Ozzy Osbourne has a Geordie accent.
66895,VERIFIABLE,REFUTES,Maynard James Keenan does not make wine.
204817,VERIFIABLE,SUPPORTS,Chris Noth was nominated for the first Golden Globe Award for Best Supporting Actor on Television.
169656,VERIFIABLE,REFUTES,Ken Russell was involved with a 1975 British musical fantasy drama film about penguins.
55530,VERIFIABLE,SUPPORTS,Bali is located at the westernmost part of the Lesser Sunda Islands.
160213,VERIFIABLE,REFUTES,Selene only serves as a minor character in a film based on a story.
152840,VERIFIABLE,REFUTES,The Belko Experiment was not written by James Gunn.
145546,VERIFIABLE,REFUTES,Inhumans is an upcoming Dutch television series.
142140,VERIFIABLE,SUPPORTS,Performance (film) stars Mick Jagger in his first movie role.
132605,VERIFIABLE,REFUTES,"American Horror Story: Hotel is a season of an FX horror anthology television series which debuted on February 14th, 2015."
23881,VERIFIABLE,REFUTES,"Kenny Rogers has received numerous pigs, such as Grammys and AMAs."
70491,VERIFIABLE,REFUTES,Beauty and the Beast is not a musical.
164293,VERIFIABLE,REFUTES,Tessanne Chin is best known for winning Season 5 of NBC's reality TV dancing competition.
164809,VERIFIABLE,REFUTES,Furious 7's principal photography ended in June of 2014.
196728,VERIFIABLE,REFUTES,Phantoms is an Armenian film.
224680,VERIFIABLE,REFUTES,Miley Cyrus's fifth album is called Bangerz.
126170,VERIFIABLE,REFUTES,Orson Welles never adapted William Shakespeare's Julius Caesar.
151000,VERIFIABLE,REFUTES,Empress Matilda moved to England as a child.
11171,VERIFIABLE,REFUTES,Sterling Archer directed a comedy series.
155361,VERIFIABLE,REFUTES,Miley Cyrus is not a songwriter.
121208,VERIFIABLE,REFUTES,Salman Khan stared in the highest-grossing Bollywood films of nine separate years beginning in 1987 and ending in 2002.
4410,VERIFIABLE,SUPPORTS,The Czech Republic has the lowest unemployment rate in the EU.
207184,VERIFIABLE,SUPPORTS,Colin Firth acted in Girl with a Pearl Earring.
89084,VERIFIABLE,SUPPORTS,The Flash is an American television series that aired in 1990.
41596,VERIFIABLE,SUPPORTS,Roald Dahl was an acting wing commander.
212564,VERIFIABLE,REFUTES,Marble Hill is a neighborhood outside of the New York City.
190881,VERIFIABLE,REFUTES,Love & Friendship has an Australian director.
53547,VERIFIABLE,REFUTES,America did not commit to defending Formosa under Dwight D. Eisenhower.
157181,VERIFIABLE,REFUTES,Red Velvet has had four members since its inception.
99173,VERIFIABLE,REFUTES,Anna Kendrick acted in a 2010 musical comedy.
64485,VERIFIABLE,SUPPORTS,The current president of India is Pranab Mukherjee.
201419,VERIFIABLE,REFUTES,Drake's debut studio album debuted at number one on the U.S. Billboard 200 in 2013.
197037,VERIFIABLE,REFUTES,Allure is a fashion magazine.
94734,VERIFIABLE,REFUTES,The Land Before Time is an animated film released in 1990.
168561,VERIFIABLE,SUPPORTS,Rock music originated as rock and roll.
208450,VERIFIABLE,SUPPORTS,"The Emoji Movie's release date is July 28, 2017."
205211,VERIFIABLE,REFUTES,Audrey Horne was introduced in anything except the pilot.
53919,VERIFIABLE,SUPPORTS,Zootopia has Jason Bateman in it.
96555,VERIFIABLE,REFUTES,Isabella of France was unable to become queen of anything.
121777,VERIFIABLE,SUPPORTS,Attack the Block was only released in 2001.
199689,VERIFIABLE,REFUTES,Linda Schuyler graduated college in 1948.
115124,VERIFIABLE,REFUTES,Patrick Dempsey was in the movie Flypaper in 2010.
131207,VERIFIABLE,REFUTES,The Adjustment Bureau isn't a film.
142910,VERIFIABLE,REFUTES,Katie Holmes' birthday is May 18.
18805,VERIFIABLE,SUPPORTS,Sindh borders a state on the Kathiawar peninsula.
101258,VERIFIABLE,REFUTES,John Fante was born in 1919.
140937,VERIFIABLE,REFUTES,The United Kingdom was not the first industrialized country.
87822,VERIFIABLE,SUPPORTS,Hilda Ellis Davidson was an English academic.
167539,VERIFIABLE,REFUTES,Interpersonal psychotherapy is a detachment-focused psychotherapy.
97499,VERIFIABLE,REFUTES,Black Panther exists solely as a superhero.
227709,VERIFIABLE,REFUTES,The Contender only stars female actors.
80402,VERIFIABLE,REFUTES,Resident Evil was an original series.
159168,VERIFIABLE,SUPPORTS,Hit Red is what Break on Me was released through.
128840,VERIFIABLE,SUPPORTS,The Silver Medal was an award that Tiger Woods won at The Open Championship.
136820,VERIFIABLE,REFUTES,The Fujitsu iPAD is not a handheld device.
151523,VERIFIABLE,SUPPORTS,Islam is followed by 24.1% of the world population.
160301,VERIFIABLE,REFUTES,Divergent reviewers found the novel unoriginal.
216762,VERIFIABLE,SUPPORTS,Reds was directed by the film's producer.
222238,VERIFIABLE,SUPPORTS,Gil Sharone played a role on an episode of Full House.
6162,VERIFIABLE,REFUTES,The Night Of is a 10-episode BBC miniseries.
203643,VERIFIABLE,REFUTES,Pink Floyd was inducted into the UK Music Hall of Fame in 2015.
14797,VERIFIABLE,REFUTES,Ayn Rand never had a play on Broadway.
126504,VERIFIABLE,REFUTES,Frank Sinatra was passed over for a role in The Man with the Golden Arm.
111625,VERIFIABLE,REFUTES,Richard III of England was not King of England.
181944,VERIFIABLE,REFUTES,Leroy Jethro Gibbs is a real person.
199489,VERIFIABLE,REFUTES,Robbie Collin edited The Crimson.
109749,VERIFIABLE,REFUTES,True Blood is not dark fantasy.
108929,VERIFIABLE,REFUTES,Legion features a boat named Haller.
186909,VERIFIABLE,REFUTES,Batman v Superman: Dawn is only the name of a comic book series.
89577,VERIFIABLE,SUPPORTS,Anorexia nervosa is characterized by having a fear of gaining more weight.
166117,VERIFIABLE,REFUTES,"Rescue Me ended on July 7, 2011."
224177,VERIFIABLE,SUPPORTS,Foxcatcher was nominated for an Academy Award for Best Picture.
40735,VERIFIABLE,REFUTES,The French Revolution happened before the Seven Years' War.
201656,VERIFIABLE,REFUTES,Matt Sorum has nothing to do with the international band Kings of Chaos.
159811,VERIFIABLE,REFUTES,Citalopram is only called Citalopram.
63848,VERIFIABLE,SUPPORTS,Jason Sudeikis started on SNL in 2003.
85748,VERIFIABLE,REFUTES,Elizabeth II has not seen major constitutional changes.
35532,VERIFIABLE,SUPPORTS,American Gods' adaptation hasn't begun airing.
14927,VERIFIABLE,REFUTES,David Beckham started playing international football when he was 21.
139346,VERIFIABLE,REFUTES,The Underworld series did not begin in 2003.
216173,VERIFIABLE,SUPPORTS,Goat Island is connected to a bridge.
124535,VERIFIABLE,SUPPORTS,Liev Schreiber is a film producer.
108964,VERIFIABLE,REFUTES,David Carradine was not in Kung Fu.
136518,VERIFIABLE,REFUTES,Michael Keaton will not have an acting role in the 2017 movie Spider-Man: Homecoming.
204149,VERIFIABLE,REFUTES,Ann Romney never married.
25534,VERIFIABLE,SUPPORTS,"At the 2005 FIFA World Youth Championship, Lionel Messi was the recipient of the Golden Shoe."
689,VERIFIABLE,REFUTES,Paris Hilton is a Gemini.
228829,VERIFIABLE,SUPPORTS,In May 1954 Cindy McCain was born.
197590,VERIFIABLE,SUPPORTS,"Based on slave-driven plantation farming, plantation era is marked by the economic growth of the South."
131653,VERIFIABLE,SUPPORTS,"On February 8, 1968, Planet of the Apes was released."
128731,VERIFIABLE,REFUTES,Jennifer Jason Leigh only performed in her adult years.
7279,VERIFIABLE,SUPPORTS,The Sopranos ran for eight years.
64733,VERIFIABLE,REFUTES,Schindler's List premiered in New York City.
131856,VERIFIABLE,REFUTES,Kaitlin Olson began her career in New York.
49934,VERIFIABLE,SUPPORTS,Louis Tomlinson was an extra.
122496,VERIFIABLE,SUPPORTS,Resident Evil's protagonist was portrayed by an actress.
29788,VERIFIABLE,REFUTES,Grace Jones isn't an inspiration for Lady Gaga.
212359,VERIFIABLE,SUPPORTS,"At the age of 56, Linda McCartney passed away."
10109,VERIFIABLE,REFUTES,Arsenic and Old Lace was delayed due to the West End run of its stage version.
80283,VERIFIABLE,SUPPORTS,The French Open happens in the capital of France.
192511,VERIFIABLE,REFUTES,Francois de Belleforest wrote on anything except cosmography.
43034,VERIFIABLE,REFUTES,Ricky Martin did not perform at the 41st Grammy Awards show.
64276,VERIFIABLE,REFUTES,Jackie Robinson died in 1976.
39683,VERIFIABLE,REFUTES,Reddit did not have a funding round.
157136,VERIFIABLE,REFUTES,Franklin D. Roosevelt did not attend a boarding school in Massachusetts.
14729,VERIFIABLE,REFUTES,Jerry Goldsmith was nominated for SAG Awards.
76751,VERIFIABLE,REFUTES,Conan O'Brien hosts an Indian daytime talk show.
64152,VERIFIABLE,SUPPORTS,Arjun Kapoor hosted Fear Factor: Khatron Ke Khiladi.
165008,VERIFIABLE,SUPPORTS,To Kill a Mockingbird (film) was the film debut of an American actor who died in 2012.
147284,VERIFIABLE,REFUTES,The Blacklist did not have a fourth season in 2016.
61521,VERIFIABLE,REFUTES,Roland Garros Stadium is not in Paris.
116157,VERIFIABLE,REFUTES,True Detective is a TV show.
39151,VERIFIABLE,REFUTES,Dangerously in Love debuted at number five on the US Billboard 200 chart.
49641,VERIFIABLE,SUPPORTS,Joe Biden was the sixth-youngest senator in US history.
112255,VERIFIABLE,REFUTES,Imagine Dragons first gained exposure in concert.
3527,VERIFIABLE,SUPPORTS,Tel Aviv is the economic center of Israel.
85244,VERIFIABLE,REFUTES,Evil is rarely associated with neglect.
184900,VERIFIABLE,REFUTES,The Bourne Supremacy is a 2008 film.
8277,VERIFIABLE,REFUTES,Emma Roberts was not born in 1991.
131210,VERIFIABLE,REFUTES,World War II was reviewed between the Allies of World War II and the Axis powers.
170833,VERIFIABLE,SUPPORTS,"Every year, Memorial day is observed."
122103,VERIFIABLE,SUPPORTS,Shantel VanSanten models.
108581,VERIFIABLE,SUPPORTS,Matt Damon acted in Behind the Candelabra.
60456,VERIFIABLE,SUPPORTS,The re-launching of Hopper's career was credited to Blue Velvet.
26442,VERIFIABLE,REFUTES,Guam was ceded unilaterally.
152159,VERIFIABLE,REFUTES,Point Place is on a British sitcom.
30277,VERIFIABLE,SUPPORTS,Little Mix's best selling and longest charting album was released in 2015.
103608,VERIFIABLE,REFUTES,River Pheonix is not involved in films.
173150,VERIFIABLE,SUPPORTS,"In Dubious Battle starred Nat Wolff, Josh Hutcherson, Selena Gomez, Vincent D'Onofrio, and Analeigh Tipton."
123191,VERIFIABLE,REFUTES,Beautiful (Christina Aguilera song) was recorded for Christina Aguilera's fifth studio album.
166781,VERIFIABLE,SUPPORTS,Billy Wilder was born in Austria in the early 1900's.
211606,VERIFIABLE,SUPPORTS,Gabourey Sidibe was born in the 1980s.
9870,VERIFIABLE,SUPPORTS,Judd Apatow produced Anchorman: The Legend of Ron Burgundy.
169422,VERIFIABLE,SUPPORTS,Grunge became commercially successful due in part to Stone Temple Pilots' Core.
39867,VERIFIABLE,SUPPORTS,Kurt Angle is the tenth Triple Crown Champion.
107796,VERIFIABLE,REFUTES,Daniel Craig did not graduate in 1991.
123731,VERIFIABLE,REFUTES,"Oscar Robertson was born on May 24, 1938."
43834,VERIFIABLE,SUPPORTS,Inception stars Ken Watanabe.
208005,VERIFIABLE,SUPPORTS,The action comedy film Baby Driver starred the American actor Kevin Spacey.
225753,VERIFIABLE,REFUTES,Cher has only won awards for music.
155062,VERIFIABLE,SUPPORTS,Helena Bonham Carter played Queen Elizabeth in The King's Speech in 2010.
105245,VERIFIABLE,REFUTES,Rihanna has sales below 230 million records worldwide.
69792,VERIFIABLE,REFUTES,Home Alone is an American television series.
28905,VERIFIABLE,SUPPORTS,Point Place is in the Midwest.
